{
  "timestamp": "2026-06-11T23:09:34.023197+00:00",
  "all_probabilities": {
    "Algeria": {
      "p_consensus": 0.0097,
      "p_stat": 0.0143,
      "p_ml": 0.0051,
      "p_market": 0.001458
    },
    "Argentina": {
      "p_consensus": 0.0668,
      "p_stat": 0.104,
      "p_ml": 0.0296,
      "p_market": 0.086006
    },
    "Australia": {
      "p_consensus": 0.01125,
      "p_stat": 0.0182,
      "p_ml": 0.0043,
      "p_market": 0.001458
    },
    "Austria": {
      "p_consensus": 0.0107,
      "p_stat": 0.0146,
      "p_ml": 0.0068,
      "p_market": 0.004373
    },
    "Belgium": {
      "p_consensus": 0.0274,
      "p_stat": 0.0293,
      "p_ml": 0.0255,
      "p_market": 0.019922
    },
    "Bosnia and Herzegovina": {
      "p_consensus": 0.0021,
      "p_stat": 0.0038,
      "p_ml": 0.0004,
      "p_market": 0.001458
    },
    "Brazil": {
      "p_consensus": 0.05315,
      "p_stat": 0.0821,
      "p_ml": 0.0242,
      "p_market": 0.084062
    },
    "Canada": {
      "p_consensus": 0.0155,
      "p_stat": 0.0195,
      "p_ml": 0.0115,
      "p_market": 0.003401
    },
    "Cape Verde": {
      "p_consensus": 0.0015,
      "p_stat": 0.0025,
      "p_ml": 0.0005,
      "p_market": 0.000486
    },
    "Colombia": {
      "p_consensus": 0.03805,
      "p_stat": 0.0585,
      "p_ml": 0.0176,
      "p_market": 0.017007
    },
    "Croatia": {
      "p_consensus": 0.0213,
      "p_stat": 0.0218,
      "p_ml": 0.0208,
      "p_market": 0.00826
    },
    "Curaçao": {
      "p_consensus": 0.0002,
      "p_stat": 0.0003,
      "p_ml": 0.0001,
      "p_market": 0.000486
    },
    "Czechia": {
      "p_consensus": 0.0044,
      "p_stat": 0.0068,
      "p_ml": 0.002,
      "p_market": 0.001458
    },
    "DR Congo": {
      "p_consensus": 0.0035,
      "p_stat": 0.0038,
      "p_ml": 0.0032,
      "p_market": 0.001458
    },
    "Ecuador": {
      "p_consensus": 0.02605,
      "p_stat": 0.0413,
      "p_ml": 0.0108,
      "p_market": 0.00826
    },
    "Egypt": {
      "p_consensus": 0.0104,
      "p_stat": 0.0104,
      "p_ml": 0.0104,
      "p_market": 0.00243
    },
    "England": {
      "p_consensus": 0.0403,
      "p_stat": 0.0409,
      "p_ml": 0.0397,
      "p_market": 0.102527
    },
    "France": {
      "p_consensus": 0.0424,
      "p_stat": 0.0408,
      "p_ml": 0.044,
      "p_market": 0.155977
    },
    "Germany": {
      "p_consensus": 0.03755,
      "p_stat": 0.038,
      "p_ml": 0.0371,
      "p_market": 0.050049
    },
    "Ghana": {
      "p_consensus": 0.00215,
      "p_stat": 0.0025,
      "p_ml": 0.0018,
      "p_market": 0.001458
    },
    "Haiti": {
      "p_consensus": 0.0014,
      "p_stat": 0.0024,
      "p_ml": 0.0004,
      "p_market": 0.000486
    },
    "Iran": {
      "p_consensus": 0.0196,
      "p_stat": 0.0171,
      "p_ml": 0.0221,
      "p_market": 0.001458
    },
    "Iraq": {
      "p_consensus": 0.00235,
      "p_stat": 0.0029,
      "p_ml": 0.0018,
      "p_market": 0.000486
    },
    "Ivory Coast": {
      "p_consensus": 0.00955,
      "p_stat": 0.0118,
      "p_ml": 0.0073,
      "p_market": 0.003401
    },
    "Japan": {
      "p_consensus": 0.0238,
      "p_stat": 0.028,
      "p_ml": 0.0196,
      "p_market": 0.017007
    },
    "Jordan": {
      "p_consensus": 0.0019,
      "p_stat": 0.0027,
      "p_ml": 0.0011,
      "p_market": 0.000486
    },
    "Mexico": {
      "p_consensus": 0.0342,
      "p_stat": 0.03,
      "p_ml": 0.0384,
      "p_market": 0.012148
    },
    "Morocco": {
      "p_consensus": 0.03265,
      "p_stat": 0.0279,
      "p_ml": 0.0374,
      "p_market": 0.015063
    },
    "Netherlands": {
      "p_consensus": 0.0408,
      "p_stat": 0.031,
      "p_ml": 0.0506,
      "p_market": 0.042274
    },
    "New Zealand": {
      "p_consensus": 0.0016,
      "p_stat": 0.0024,
      "p_ml": 0.0008,
      "p_market": 0.000486
    },
    "Norway": {
      "p_consensus": 0.01605,
      "p_stat": 0.022,
      "p_ml": 0.0101,
      "p_market": 0.022838
    },
    "Panama": {
      "p_consensus": 0.00575,
      "p_stat": 0.0031,
      "p_ml": 0.0084,
      "p_market": 0.000486
    },
    "Paraguay": {
      "p_consensus": 0.0137,
      "p_stat": 0.0213,
      "p_ml": 0.0061,
      "p_market": 0.001458
    },
    "Portugal": {
      "p_consensus": 0.051,
      "p_stat": 0.0372,
      "p_ml": 0.0648,
      "p_market": 0.105442
    },
    "Qatar": {
      "p_consensus": 0.00385,
      "p_stat": 0.0017,
      "p_ml": 0.006,
      "p_market": 0.000486
    },
    "Saudi Arabia": {
      "p_consensus": 0.0035,
      "p_stat": 0.0043,
      "p_ml": 0.0027,
      "p_market": 0.000486
    },
    "Scotland": {
      "p_consensus": 0.00895,
      "p_stat": 0.0088,
      "p_ml": 0.0091,
      "p_market": 0.00243
    },
    "Senegal": {
      "p_consensus": 0.0269,
      "p_stat": 0.0154,
      "p_ml": 0.0384,
      "p_market": 0.006317
    },
    "South Africa": {
      "p_consensus": 0.0049,
      "p_stat": 0.0045,
      "p_ml": 0.0053,
      "p_market": 0.000486
    },
    "South Korea": {
      "p_consensus": 0.02685,
      "p_stat": 0.0162,
      "p_ml": 0.0375,
      "p_market": 0.00243
    },
    "Spain": {
      "p_consensus": 0.07775,
      "p_stat": 0.0563,
      "p_ml": 0.0992,
      "p_market": 0.164723
    },
    "Switzerland": {
      "p_consensus": 0.03375,
      "p_stat": 0.0259,
      "p_ml": 0.0416,
      "p_market": 0.012148
    },
    "Tunisia": {
      "p_consensus": 0.0084,
      "p_stat": 0.0058,
      "p_ml": 0.011,
      "p_market": 0.000486
    },
    "Türkiye": {
      "p_consensus": 0.02755,
      "p_stat": 0.0121,
      "p_ml": 0.043,
      "p_market": 0.010204
    },
    "Ukraine": {
      "p_consensus": 0.01415,
      "p_stat": 0.007,
      "p_ml": 0.0213,
      "p_market": 0.0
    },
    "United States": {
      "p_consensus": 0.03415,
      "p_stat": 0.011,
      "p_ml": 0.0573,
      "p_market": 0.011176
    },
    "Uruguay": {
      "p_consensus": 0.04225,
      "p_stat": 0.0321,
      "p_ml": 0.0524,
      "p_market": 0.009232
    },
    "Uzbekistan": {
      "p_consensus": 0.0083,
      "p_stat": 0.0057,
      "p_ml": 0.0109,
      "p_market": 0.000486
    }
  },
  "tracked_markets": [
    {
      "team": "Spain",
      "p_consensus": 0.07775,
      "p_market": 0.164723,
      "odds": 6.07,
      "ev_percent": -52.8,
      "kelly_fraction": 0.0
    },
    {
      "team": "Argentina",
      "p_consensus": 0.0668,
      "p_market": 0.086006,
      "odds": 11.63,
      "ev_percent": -22.33,
      "kelly_fraction": 0.0
    },
    {
      "team": "Brazil",
      "p_consensus": 0.05315,
      "p_market": 0.084062,
      "odds": 11.9,
      "ev_percent": -36.77,
      "kelly_fraction": 0.0
    },
    {
      "team": "Portugal",
      "p_consensus": 0.051,
      "p_market": 0.105442,
      "odds": 9.48,
      "ev_percent": -51.63,
      "kelly_fraction": 0.0
    },
    {
      "team": "France",
      "p_consensus": 0.0424,
      "p_market": 0.155977,
      "odds": 6.41,
      "ev_percent": -72.82,
      "kelly_fraction": 0.0
    },
    {
      "team": "Uruguay",
      "p_consensus": 0.04225,
      "p_market": 0.009232,
      "odds": 108.32,
      "ev_percent": 357.63,
      "kelly_fraction": 3.33
    },
    {
      "team": "Netherlands",
      "p_consensus": 0.0408,
      "p_market": 0.042274,
      "odds": 23.66,
      "ev_percent": -3.49,
      "kelly_fraction": 0.0
    },
    {
      "team": "England",
      "p_consensus": 0.0403,
      "p_market": 0.102527,
      "odds": 9.75,
      "ev_percent": -60.69,
      "kelly_fraction": 0.0
    },
    {
      "team": "Colombia",
      "p_consensus": 0.03805,
      "p_market": 0.017007,
      "odds": 58.8,
      "ev_percent": 123.73,
      "kelly_fraction": 2.14
    },
    {
      "team": "Germany",
      "p_consensus": 0.03755,
      "p_market": 0.050049,
      "odds": 19.98,
      "ev_percent": -24.97,
      "kelly_fraction": 0.0
    },
    {
      "team": "Mexico",
      "p_consensus": 0.0342,
      "p_market": 0.012148,