{
  "timestamp": "2026-06-11T23:18:28.955675+00:00",
  "all_probabilities": {
    "Algeria": {
      "p_consensus": 0.01,
      "p_stat": 0.0157,
      "p_ml": 0.0043,
      "p_market": 0.001456
    },
    "Argentina": {
      "p_consensus": 0.07115,
      "p_stat": 0.1138,
      "p_ml": 0.0285,
      "p_market": 0.085922
    },
    "Australia": {
      "p_consensus": 0.0113,
      "p_stat": 0.0172,
      "p_ml": 0.0054,
      "p_market": 0.001456
    },
    "Austria": {
      "p_consensus": 0.011,
      "p_stat": 0.0155,
      "p_ml": 0.0065,
      "p_market": 0.004369
    },
    "Belgium": {
      "p_consensus": 0.0294,
      "p_stat": 0.0324,
      "p_ml": 0.0264,
      "p_market": 0.019903
    },
    "Bosnia and Herzegovina": {
      "p_consensus": 0.00175,
      "p_stat": 0.0031,
      "p_ml": 0.0004,
      "p_market": 0.001456
    },
    "Brazil": {
      "p_consensus": 0.05305,
      "p_stat": 0.0812,
      "p_ml": 0.0249,
      "p_market": 0.083981
    },
    "Canada": {
      "p_consensus": 0.01455,
      "p_stat": 0.0196,
      "p_ml": 0.0095,
      "p_market": 0.003398
    },
    "Cape Verde": {
      "p_consensus": 0.00135,
      "p_stat": 0.0023,
      "p_ml": 0.0004,
      "p_market": 0.000485
    },
    "Colombia": {
      "p_consensus": 0.03655,
      "p_stat": 0.0579,
      "p_ml": 0.0152,
      "p_market": 0.01699
    },
    "Croatia": {
      "p_consensus": 0.0189,
      "p_stat": 0.019,
      "p_ml": 0.0188,
      "p_market": 0.008252
    },
    "Curaçao": {
      "p_consensus": 0.00055,
      "p_stat": 0.0008,
      "p_ml": 0.0003,
      "p_market": 0.000485
    },
    "Czechia": {
      "p_consensus": 0.0056,
      "p_stat": 0.0084,
      "p_ml": 0.0028,
      "p_market": 0.001456
    },
    "DR Congo": {
      "p_consensus": 0.00365,
      "p_stat": 0.0042,
      "p_ml": 0.0031,
      "p_market": 0.001456
    },
    "Ecuador": {
      "p_consensus": 0.02495,
      "p_stat": 0.0397,
      "p_ml": 0.0102,
      "p_market": 0.008252
    },
    "Egypt": {
      "p_consensus": 0.00945,
      "p_stat": 0.0098,
      "p_ml": 0.0091,
      "p_market": 0.002427
    },
    "England": {
      "p_consensus": 0.04085,
      "p_stat": 0.0441,
      "p_ml": 0.0376,
      "p_market": 0.102427
    },
    "France": {
      "p_consensus": 0.0423,
      "p_stat": 0.039,
      "p_ml": 0.0456,
      "p_market": 0.155825
    },
    "Germany": {
      "p_consensus": 0.0366,
      "p_stat": 0.0371,
      "p_ml": 0.0361,
      "p_market": 0.05
    },
    "Ghana": {
      "p_consensus": 0.0021,
      "p_stat": 0.003,
      "p_ml": 0.0012,
      "p_market": 0.001456
    },
    "Haiti": {
      "p_consensus": 0.0011,
      "p_stat": 0.0012,
      "p_ml": 0.001,
      "p_market": 0.000485
    },
    "Iran": {
      "p_consensus": 0.01725,
      "p_stat": 0.0153,
      "p_ml": 0.0192,
      "p_market": 0.001456
    },
    "Iraq": {
      "p_consensus": 0.00215,
      "p_stat": 0.0025,
      "p_ml": 0.0018,
      "p_market": 0.000485
    },
    "Ivory Coast": {
      "p_consensus": 0.00985,
      "p_stat": 0.0099,
      "p_ml": 0.0098,
      "p_market": 0.003398
    },
    "Japan": {
      "p_consensus": 0.02535,
      "p_stat": 0.0284,
      "p_ml": 0.0223,
      "p_market": 0.01699
    },
    "Jordan": {
      "p_consensus": 0.0017,
      "p_stat": 0.0016,
      "p_ml": 0.0018,
      "p_market": 0.000485
    },
    "Mexico": {
      "p_consensus": 0.0299,
      "p_stat": 0.0247,
      "p_ml": 0.0351,
      "p_market": 0.013107
    },
    "Morocco": {
      "p_consensus": 0.0345,
      "p_stat": 0.031,
      "p_ml": 0.038,
      "p_market": 0.015049
    },
    "Netherlands": {
      "p_consensus": 0.0413,
      "p_stat": 0.0337,
      "p_ml": 0.0489,
      "p_market": 0.042233
    },
    "New Zealand": {
      "p_consensus": 0.00125,
      "p_stat": 0.0019,
      "p_ml": 0.0006,
      "p_market": 0.000485
    },
    "Norway": {
      "p_consensus": 0.01585,
      "p_stat": 0.0224,
      "p_ml": 0.0093,
      "p_market": 0.022816
    },
    "Panama": {
      "p_consensus": 0.0064,
      "p_stat": 0.0038,
      "p_ml": 0.009,
      "p_market": 0.000485
    },
    "Paraguay": {
      "p_consensus": 0.01305,
      "p_stat": 0.021,
      "p_ml": 0.0051,
      "p_market": 0.001456
    },
    "Portugal": {
      "p_consensus": 0.0538,
      "p_stat": 0.0447,
      "p_ml": 0.0629,
      "p_market": 0.10534
    },
    "Qatar": {
      "p_consensus": 0.0039,
      "p_stat": 0.0014,
      "p_ml": 0.0064,
      "p_market": 0.000485
    },
    "Saudi Arabia": {
      "p_consensus": 0.0035,
      "p_stat": 0.0035,
      "p_ml": 0.0035,
      "p_market": 0.000485
    },
    "Scotland": {
      "p_consensus": 0.00885,
      "p_stat": 0.0079,
      "p_ml": 0.0098,
      "p_market": 0.002427
    },
    "Senegal": {
      "p_consensus": 0.0275,
      "p_stat": 0.0166,
      "p_ml": 0.0384,
      "p_market": 0.006311
    },
    "South Africa": {
      "p_consensus": 0.00505,
      "p_stat": 0.0047,
      "p_ml": 0.0054,
      "p_market": 0.000485
    },
    "South Korea": {
      "p_consensus": 0.02535,
      "p_stat": 0.0129,
      "p_ml": 0.0378,
      "p_market": 0.002427
    },
    "Spain": {
      "p_consensus": 0.07595,
      "p_stat": 0.0481,
      "p_ml": 0.1038,
      "p_market": 0.164563
    },
    "Switzerland": {
      "p_consensus": 0.03445,
      "p_stat": 0.0235,
      "p_ml": 0.0454,
      "p_market": 0.012136
    },
    "Tunisia": {
      "p_consensus": 0.00745,
      "p_stat": 0.0061,
      "p_ml": 0.0088,
      "p_market": 0.000485
    },
    "Türkiye": {
      "p_consensus": 0.0246,
      "p_stat": 0.0118,
      "p_ml": 0.0374,
      "p_market": 0.010194
    },
    "Ukraine": {
      "p_consensus": 0.0138,
      "p_stat": 0.0066,
      "p_ml": 0.021,
      "p_market": 0.0
    },
    "United States": {
      "p_consensus": 0.03765,
      "p_stat": 0.0137,
      "p_ml": 0.0616,
      "p_market": 0.011165
    },
    "Uruguay": {
      "p_consensus": 0.0447,
      "p_stat": 0.0321,
      "p_ml": 0.0573,
      "p_market": 0.009223
    },
    "Uzbekistan": {
      "p_consensus": 0.00875,
      "p_stat": 0.0052,
      "p_ml": 0.0123,
      "p_market": 0.000485
    }
  },
  "tracked_markets": [
    {
      "team": "Spain",
      "p_consensus": 0.07595,
      "p_market": 0.164563,
      "odds": 6.08,
      "ev_percent": -53.85,
      "kelly_fraction": 0.0
    },
    {
      "team": "Argentina",
      "p_consensus": 0.07115,
      "p_market": 0.085922,
      "odds": 11.64,
      "ev_percent": -17.19,
      "kelly_fraction": 0.0
    },
    {
      "team": "Portugal",
      "p_consensus": 0.0538,
      "p_market": 0.10534,
      "odds": 9.49,
      "ev_percent": -48.93,
      "kelly_fraction": 0.0
    },
    {
      "team": "Brazil",
      "p_consensus": 0.05305,
      "p_market": 0.083981,
      "odds": 11.91,
      "ev_percent": -36.83,
      "kelly_fraction": 0.0
    },
    {
      "team": "Uruguay",
      "p_consensus": 0.0447,
      "p_market": 0.009223,
      "odds": 108.42,
      "ev_percent": 384.64,
      "kelly_fraction": 3.58
    },
    {
      "team": "France",
      "p_consensus": 0.0423,
      "p_market": 0.155825,
      "odds": 6.42,
      "ev_percent": -72.85,
      "kelly_fraction": 0.0
    },
    {
      "team": "Netherlands",
      "p_consensus": 0.0413,
      "p_market": 0.042233,
      "odds": 23.68,
      "ev_percent": -2.21,
      "kelly_fraction": 0.0
    },
    {
      "team": "England",
      "p_consensus": 0.04085,
      "p_market": 0.102427,
      "odds": 9.76,
      "ev_percent": -60.12,
      "kelly_fraction": 0.0
    },
    {
      "team": "United States",
      "p_consensus": 0.03765,
      "p_market": 0.011165,
      "odds": 89.57,
      "ev_percent": 237.21,
      "kelly_fraction": 2.68
    },
    {
      "team": "Germany",
      "p_consensus": 0.0366,
      "p_market": 0.05,
      "odds": 20.0,
      "ev_percent": -26.8,
      "kelly_fraction": 0.0
    },
    {
      "team": "Colombia",
      "p_consensus": 0.03655,