{
  "timestamp": "2026-06-11T23:45:04.285646+00:00",
  "all_probabilities": {
    "Algeria": {
      "p_consensus": 0.00885,
      "p_stat": 0.0131,
      "p_ml": 0.0046,
      "p_market": 0.001456
    },
    "Argentina": {
      "p_consensus": 0.06705,
      "p_stat": 0.1061,
      "p_ml": 0.028,
      "p_market": 0.085922
    },
    "Australia": {
      "p_consensus": 0.01045,
      "p_stat": 0.0163,
      "p_ml": 0.0046,
      "p_market": 0.001456
    },
    "Austria": {
      "p_consensus": 0.0119,
      "p_stat": 0.0156,
      "p_ml": 0.0082,
      "p_market": 0.004369
    },
    "Belgium": {
      "p_consensus": 0.0274,
      "p_stat": 0.0284,
      "p_ml": 0.0264,
      "p_market": 0.019903
    },
    "Bosnia and Herzegovina": {
      "p_consensus": 0.00205,
      "p_stat": 0.0036,
      "p_ml": 0.0005,
      "p_market": 0.001456
    },
    "Brazil": {
      "p_consensus": 0.0542,
      "p_stat": 0.0844,
      "p_ml": 0.024,
      "p_market": 0.083981
    },
    "Canada": {
      "p_consensus": 0.01455,
      "p_stat": 0.0195,
      "p_ml": 0.0096,
      "p_market": 0.003398
    },
    "Cape Verde": {
      "p_consensus": 0.00175,
      "p_stat": 0.0027,
      "p_ml": 0.0008,
      "p_market": 0.000485
    },
    "Colombia": {
      "p_consensus": 0.03805,
      "p_stat": 0.0615,
      "p_ml": 0.0146,
      "p_market": 0.01699
    },
    "Croatia": {
      "p_consensus": 0.0172,
      "p_stat": 0.0173,
      "p_ml": 0.0171,
      "p_market": 0.008252
    },
    "Curaçao": {
      "p_consensus": 0.0004,
      "p_stat": 0.0006,
      "p_ml": 0.0002,
      "p_market": 0.000485
    },
    "Czechia": {
      "p_consensus": 0.0062,
      "p_stat": 0.0099,
      "p_ml": 0.0025,
      "p_market": 0.001456
    },
    "DR Congo": {
      "p_consensus": 0.0034,
      "p_stat": 0.004,
      "p_ml": 0.0028,
      "p_market": 0.001456
    },
    "Ecuador": {
      "p_consensus": 0.0251,
      "p_stat": 0.0394,
      "p_ml": 0.0108,
      "p_market": 0.008252
    },
    "Egypt": {
      "p_consensus": 0.0091,
      "p_stat": 0.0094,
      "p_ml": 0.0088,
      "p_market": 0.002427
    },
    "England": {
      "p_consensus": 0.04125,
      "p_stat": 0.0436,
      "p_ml": 0.0389,
      "p_market": 0.102427
    },
    "France": {
      "p_consensus": 0.0415,
      "p_stat": 0.0376,
      "p_ml": 0.0454,
      "p_market": 0.155825
    },
    "Germany": {
      "p_consensus": 0.03765,
      "p_stat": 0.0375,
      "p_ml": 0.0378,
      "p_market": 0.05
    },
    "Ghana": {
      "p_consensus": 0.0017,
      "p_stat": 0.002,
      "p_ml": 0.0014,
      "p_market": 0.001456
    },
    "Haiti": {
      "p_consensus": 0.0011,
      "p_stat": 0.002,
      "p_ml": 0.0002,
      "p_market": 0.000485
    },
    "Iran": {
      "p_consensus": 0.0166,
      "p_stat": 0.0155,
      "p_ml": 0.0177,
      "p_market": 0.001456
    },
    "Iraq": {
      "p_consensus": 0.0022,
      "p_stat": 0.0024,
      "p_ml": 0.002,
      "p_market": 0.000485
    },
    "Ivory Coast": {
      "p_consensus": 0.00945,
      "p_stat": 0.0102,
      "p_ml": 0.0087,
      "p_market": 0.003398
    },
    "Japan": {
      "p_consensus": 0.02555,
      "p_stat": 0.0303,
      "p_ml": 0.0208,
      "p_market": 0.01699
    },
    "Jordan": {
      "p_consensus": 0.00215,
      "p_stat": 0.0026,
      "p_ml": 0.0017,
      "p_market": 0.000485
    },
    "Mexico": {
      "p_consensus": 0.03125,
      "p_stat": 0.0256,
      "p_ml": 0.0369,
      "p_market": 0.013107
    },
    "Morocco": {
      "p_consensus": 0.0362,
      "p_stat": 0.0285,
      "p_ml": 0.0439,
      "p_market": 0.015049
    },
    "Netherlands": {
      "p_consensus": 0.0391,
      "p_stat": 0.0299,
      "p_ml": 0.0483,
      "p_market": 0.042233
    },
    "New Zealand": {
      "p_consensus": 0.00165,
      "p_stat": 0.0028,
      "p_ml": 0.0005,
      "p_market": 0.000485
    },
    "Norway": {
      "p_consensus": 0.0168,
      "p_stat": 0.0232,
      "p_ml": 0.0104,
      "p_market": 0.022816
    },
    "Panama": {
      "p_consensus": 0.0066,
      "p_stat": 0.0034,
      "p_ml": 0.0098,
      "p_market": 0.000485
    },
    "Paraguay": {
      "p_consensus": 0.01315,
      "p_stat": 0.0213,
      "p_ml": 0.005,
      "p_market": 0.001456
    },
    "Portugal": {
      "p_consensus": 0.0499,
      "p_stat": 0.039,
      "p_ml": 0.0608,
      "p_market": 0.10534
    },
    "Qatar": {
      "p_consensus": 0.0036,
      "p_stat": 0.0014,
      "p_ml": 0.0058,
      "p_market": 0.000485
    },
    "Saudi Arabia": {
      "p_consensus": 0.0035,
      "p_stat": 0.0042,
      "p_ml": 0.0028,
      "p_market": 0.000485
    },
    "Scotland": {
      "p_consensus": 0.00955,
      "p_stat": 0.0082,
      "p_ml": 0.0109,
      "p_market": 0.002427
    },
    "Senegal": {
      "p_consensus": 0.0297,
      "p_stat": 0.0174,
      "p_ml": 0.042,
      "p_market": 0.006311
    },
    "South Africa": {
      "p_consensus": 0.0047,
      "p_stat": 0.0035,
      "p_ml": 0.0059,
      "p_market": 0.000485
    },
    "South Korea": {
      "p_consensus": 0.02475,
      "p_stat": 0.0157,
      "p_ml": 0.0338,
      "p_market": 0.002427
    },
    "Spain": {
      "p_consensus": 0.0778,
      "p_stat": 0.0548,
      "p_ml": 0.1008,
      "p_market": 0.164563
    },
    "Switzerland": {
      "p_consensus": 0.0346,
      "p_stat": 0.0267,
      "p_ml": 0.0425,
      "p_market": 0.012136
    },
    "Tunisia": {
      "p_consensus": 0.0078,
      "p_stat": 0.0069,
      "p_ml": 0.0087,
      "p_market": 0.000485
    },
    "Türkiye": {
      "p_consensus": 0.02865,
      "p_stat": 0.0123,
      "p_ml": 0.045,
      "p_market": 0.010194
    },
    "Ukraine": {
      "p_consensus": 0.01365,
      "p_stat": 0.0065,
      "p_ml": 0.0208,
      "p_market": 0.0
    },
    "United States": {
      "p_consensus": 0.03705,
      "p_stat": 0.0136,
      "p_ml": 0.0605,
      "p_market": 0.011165
    },
    "Uruguay": {
      "p_consensus": 0.0441,
      "p_stat": 0.0333,
      "p_ml": 0.0549,
      "p_market": 0.009223
    },
    "Uzbekistan": {
      "p_consensus": 0.0091,
      "p_stat": 0.0063,
      "p_ml": 0.0119,
      "p_market": 0.000485
    }
  },
  "tracked_markets": [
    {
      "team": "Spain",
      "p_consensus": 0.0778,
      "p_market": 0.164563,
      "odds": 6.08,
      "ev_percent": -52.72,
      "kelly_fraction": 0.0
    },
    {
      "team": "Argentina",
      "p_consensus": 0.06705,
      "p_market": 0.085922,
      "odds": 11.64,
      "ev_percent": -21.96,
      "kelly_fraction": 0.0
    },
    {
      "team": "Brazil",
      "p_consensus": 0.0542,
      "p_market": 0.083981,
      "odds": 11.91,
      "ev_percent": -35.46,
      "kelly_fraction": 0.0
    },
    {
      "team": "Portugal",
      "p_consensus": 0.0499,
      "p_market": 0.10534,
      "odds": 9.49,
      "ev_percent": -52.63,
      "kelly_fraction": 0.0
    },
    {
      "team": "Uruguay",
      "p_consensus": 0.0441,
      "p_market": 0.009223,
      "odds": 108.42,
      "ev_percent": 378.14,
      "kelly_fraction": 3.52
    },
    {
      "team": "France",
      "p_consensus": 0.0415,
      "p_market": 0.155825,
      "odds": 6.42,
      "ev_percent": -73.37,
      "kelly_fraction": 0.0
    },
    {
      "team": "England",
      "p_consensus": 0.04125,
      "p_market": 0.102427,
      "odds": 9.76,
      "ev_percent": -59.73,
      "kelly_fraction": 0.0
    },
    {
      "team": "Netherlands",
      "p_consensus": 0.0391,
      "p_market": 0.042233,
      "odds": 23.68,
      "ev_percent": -7.42,
      "kelly_fraction": 0.0
    },
    {
      "team": "Colombia",
      "p_consensus": 0.03805,
      "p_market": 0.01699,
      "odds": 58.86,
      "ev_percent": 123.95,
      "kelly_fraction": 2.14
    },
    {
      "team": "Germany",
      "p_consensus": 0.03765,
      "p_market": 0.05,
      "odds": 20.0,
      "ev_percent": -24.7,
      "kelly_fraction": 0.0
    },
    {
      "team": "United States",
      "p_consensus": 0.03705,